message_type,total_users,engaged_users,engagement_rate,avg_messages_seen
Generic,23524,420,0.01785410644448223,24.761137561639178
Personalized,564577,14423,0.025546559636683747,24.823365103431428
